country,year,private_investment,number_of_newly_funded_companies,number_of_total_journal_publications,number_of_total_conference_publications,number_of_total_repository_publications,number_of_total_journal_citations,number_of_total_conference_citations,number_of_total_repository_citations,number_of_total_patent_fillings,number_of_total_patent_grants,year_h_index,relative_ai_skill_pen,ai_talent_concentration,norm_private_investment,norm_number_of_newly_funded_companies,norm_number_of_total_journal_publications,norm_number_of_total_conference_publications,norm_number_of_total_repository_publications,norm_number_of_total_journal_citations,norm_number_of_total_conference_citations,norm_number_of_total_repository_citations,norm_number_of_total_patent_fillings,norm_number_of_total_patent_grants,norm_year_h_index,norm_relative_ai_skill_pen,norm_ai_talent_concentration,econ_pillar,rd_pillar,vibrancy,rank
australia,2017,60264880,13,3151,2492,678,112029,50904,53144,46,24,0.9567213125,-,0.0049,0.5333795366,2.725366876,11.22023702,12.80357793,14.1221374,19.17837288,13.52792871,13.96467933,0.747481313,1.759530792,48.99330968,-,10.35714286,15.65229974,10.91549317,13.28389645,11
austria,2017,7224064,1,577,569,100,17311,11116,5135,4,1,-,-,-,0.0639372037,0.2096436059,1.891784148,2.803057881,1.865988126,2.567299767,2.167426641,1.214978091,0.06499837504,0.07331378299,-,-,-,0.1367904048,1.581105851,0.8589481281,30
belgium,2017,62665941,2,1250,595,181,45396,10685,11222,1,0,0.8875350404,-,0.0058,0.5546303348,0.4192872117,4.330808538,2.938270321,3.583545377,7.492678136,2.044365005,2.831496481,0.01624959376,0,15.63945748,-,13.57142857,7.546200899,2.904676682,5.22543879,22
brazil,2017,92535764,6,2084,1496,153,50108,12387,7543,27,2,0.9329256692,0.69262,0.002,0.8189957885,1.257861635,7.353314246,7.623901399,2.989821883,8.319040354,2.530329982,1.854468198,0.4387390315,0.146627566,37.52172223,0,0,7.919715931,3.907030332,5.913373132,21
canada,2017,423175019,41,3046,2172,517,85357,36260,70122,24,8,0.9797660858,1.0877,0.007,3.745347133,8.595387841,10.83970572,11.13942483,10.70822731,14.50079795,9.346688329,18.47350949,0.3899902502,0.5865102639,60.10291189,27.96967144,17.85714286,23.65409223,9.498106769,16.5760995,8
china,2017,6008831022,94,27648,19259,1346,572882,201827,112917,6154,52,1.049716023,1.66659,0.0127,53.18167904,19.70649895,100,100,28.28668363,100,56.62034486,29.83853406,100,3.812316716,93.82491782,68.95216385,38.21428571,54.77590908,64.81973491,59.79782199,2
denmark,2017,10280570,4,443,314,78,10448,4252,3157,6,3,0.8837922688,-,0.0064,0.0909890746,0.8385744235,1.406153735,1.476935878,1.399491094,1.363708108,0.2075772847,0.6896826451,0.09749756256,0.219941349,13.83511322,-,15.71428571,7.619740608,0.857623457,4.238682032,25
finland,2017,21935526,6,584,469,101,17938,6956,4038,16,5,0.8550939373,-,0.0111,0.1941422715,1.257861635,1.917152901,2.283010037,1.887192536,2.677259255,0.9796391524,0.9236489178,0.2599935002,0.366568915,0,-,32.5,8.488000977,1.411808152,4.949904564,23
france,2017,232636527,40,3236,3141,581,76578,49236,21977,38,15,0.9154285142,0.722,0.0068,2.058969718,8.385744235,11.52828616,16.17868844,12.06530958,12.96118974,13.05167161,5.687690878,0.6174845629,1.099706745,29.08655866,2.079955824,17.14285714,11.75081712,9.148753465,10.44978529,16
germany,2017,223080201,24,3979,3929,831,97988,55728,45292,107,39,0.9542305178,1.22145,0.0143,1.974390627,5.031446541,14.22099808,20.27666545,17.36641221,16.71594676,14.90530536,11.87943168,1.738706532,2.859237537,47.79252816,37.43849688,43.92857143,27.23308673,12.49533795,19.86421234,5
india,2017,2391457366,27,4782,6894,374,71024,44213,9323,65,16,0.8914795046,2.10515,0.0284,21.16580041,5.660377358,17.13115645,35.69608404,7.675996607,11.98716262,11.61747532,2.327180985,1.056223594,1.173020528,17.54103522,100,94.28571429,47.73058545,11.08303752,29.40681149,3
ireland,2017,72826718,5,315,313,60,9084,3525,1903,0,0,1.001480619,-,0.0087,0.644559171,1.048218029,0.9422679665,1.4717354,1.017811705,1.124497992,0,0.3566591422,0,0,70.57122173,-,23.92857143,24.04814259,0.6141215256,12.33113206,12
israel,2017,415586686,35,501,445,310,11128,33718,38370,20,8,0.893342071,1.09738,0.03,3.678185935,7.337526205,1.616351973,2.158198554,6.318914334,1.482962417,8.620881647,10.04116319,0.3249918752,0.5865102639,18.43895562,28.65496662,100,31.62192688,3.893746782,17.75783683,7
italy,2017,9007152,5,2903,2214,312,70252,24764,11861,12,2,0.9245315156,-,0.0057,0.07971857837,1.048218029,10.32145834,11.35784492,6.361323155,11.85177391,6.064283287,3.00119506,0.1949951251,0.146627566,33.47500386,-,13.21428571,11.95430655,6.162437671,9.058372108,17
japan,2017,214086095,30,5192,4506,331,56476,31202,17283,598,226,-,-,-,1.894787514,6.289308176,18.61704055,23.27734152,6.764206955,9.43582189,7.902498637,4.441110078,9.717257069,16.56891496,-,-,-,4.092047845,12.09052396,8.091285901,18
south korea,2017,64778605,9,2485,1910,206,51928,20728,15170,547,46,0.9740237813,1.87747,0.0255,0.5733286503,1.886792453,8.806581379,9.776899475,4.11365564,8.638221006,4.911901002,3.87996282,8.888527787,3.372434018,57.33461741,83.88140429,83.92857143,45.52094285,6.548522891,26.03473287,4
malaysia,2017,6420000,2,1365,935,20,22463,4865,560,11,3,-,-,-,0.05682076567,0.4192872117,4.747580908,4.706432992,0.1696352841,3.470826538,0.3826046238,0,0.1787455314,0.219941349,-,-,-,0.2380539887,1.734470903,0.986262446,28
netherlands,2017,85279928,6,1672,958,264,57377,11454,12005,2,2,0.8741703795,1.06652,0.005,0.754777384,1.257861635,5.86018193,4.826043996,5.34351145,9.593833851,2.263934375,3.039436994,0.03249918752,0.146627566,9.196518561,26.47023426,10.71428571,9.678735511,3.888258669,6.78349709,20
norway,2017,36628611,2,472,411,58,10522,5249,1558,2,0,1.000281695,-,0.0077,0.324184692,0.4192872117,1.511252854,1.981382287,0.9754028838,1.376685782,0.4922465459,0.2650378436,0.03249918752,0,69.99323495,-,20.35714286,22.77346243,0.829313423,11.80138793,13
poland,2017,13932541,1,1115,1124,102,19104,9747,6862,8,0,-,-,-,0.12331116,0.2096436059,3.841554017,5.689323418,1.908396947,2.881745322,1.776541768,1.673615722,0.1299967501,0,-,-,-,0.1664773829,2.237646743,1.202062063,27
portugal,2017,50120000,1,613,746,53,14693,5073,1117,0,0,0.8888594191,-,0.006,0.443591398,0.2096436059,2.02225202,3.723542566,0.8693808312,2.108170674,0.4419939982,0.1479219227,0,0,16.27792417,-,14.28571429,7.804218365,1.164157752,4.484188058,24
russia,2017,4000000,4,2069,1498,245,30555,21337,13618,82,3,-,-,-,0.03540234621,0.8385744235,7.298952633,7.634302356,4.940627651,4.889952824,5.085786238,3.467799761,1.332466688,0.219941349,-,-,-,0.4369883848,4.358728688,2.397858536,26
singapore,2017,68026398,13,968,1080,172,45142,23415,8788,13,4,0.9999224296,0.8585,0.0115,0.6020735234,2.725366876,3.308810205,5.460502366,3.392705683,7.448133144,5.679108931,2.18510158,0.2112447189,0.293255132,69.82003775,11.7434674,33.92857143,23.76390339,3.49735772,13.63063056,10
spain,2017,38839622,10,3002,1764,203,59159,16557,11344,5,3,0.9561389262,0.89728,0.0071,0.3437534362,2.096436059,10.68024499,9.017629622,4.050042409,9.906350292,3.720972729,2.863895897,0.0812479688,0.219941349,48.71254838,14.48889581,18.21428571,16.77118388,5.067540657,10.91936227,15
sweden,2017,42506867,10,796,630,118,21944,7053,3953,18,5,0.9180263662,-,0.0084,0.3762107055,2.096436059,2.685463705,3.120287066,2.247667515,3.379807439,1.007335159,0.9010755544,0.2924926877,0.366568915,30.33895121,-,22.85714286,13.91718521,1.750087255,7.833636231,19
switzerland,2017,68887459,7,1155,961,385,38022,20060,22078,2,0,0.9345978666,0.96159,0.0117,0.6096944183,1.467505241,3.98651832,4.841645431,7.909245123,6.199470371,4.721169742,5.714513345,0.03249918752,0,38.32786807,19.04171947,34.64285714,18.81792887,4.17563269,11.49678078,14
turkey,2017,0,0,1176,1093,50,18231,7238,1161,5,1,-,-,-,0,0,4.062624579,5.528108586,0.8057675997,2.728643833,1.060157439,0.1596069579,0.0812479688,0.07331378299,-,-,-,0,1.812433843,0.9062169216,29
united kingdom,2017,894938173,71,5327,3820,1075,175194,65551,85885,116,57,0.9369867224,1.06305,0.0056,7.92072776,14.88469602,19.10629507,19.7098133,22.54028838,30.25587064,17.71002567,22.65967335,1.884952876,4.17888563,39.47950613,26.22457576,12.85714286,20.27332971,17.25572562,18.76452766,6
united states,2017,11298686183,477,15812,15012,4728,509894,353756,377110,3699,1364,0.9438492756,2.04695,0.0063,100,100,57.10506288,77.91356805,100,88.95354343,100,100,60.10724732,100,42.78785875,95.87973353,15.35714286,70.80494703,85.50992771,78.15743737,1
australia,2018,137488584,11,3594,2763,985,102996,43521,43933,76,45,1.058321462,0.83925,0.0061,0.8523971889,2.178217822,10.41703481,12.3120941,12.53877973,17.44603642,16.06206943,11.39400365,0.624024961,2.814258912,62.25242948,14.88194821,11.18012422,18.26902339,10.45103775,14.36003057,10
austria,2018,7502377,6,680,559,168,14648,4668,3499,7,3,-,-,-,0.04651298951,1.188118812,1.834835365,2.302556883,1.977766287,2.380229667,0.6702927975,0.887135752,0.05747598325,0.1876172608,-,-,-,0.6173159007,1.28723875,0.9522773251,28
belgium,2018,15558997,4,1268,652,296,33177,8686,10019,1,0,0.9372037743,-,0.0065,0.09646215648,0.7920792079,3.566590092,2.724919388,3.632368149,5.539942771,2.262040115,2.581372748,0.00821085475,0,16.61258446,-,12.42236025,7.480871517,2.539430515,5.010151016,24
brazil,2018,7230480,2,2306,1674,255,34812,9974,8353,44,4,1.064760656,0.61495,0.0025,0.04482729145,0.396039604,6.623667315,7.366365412,3.10237849,5.818756032,2.772286641,2.148458816,0.361277609,0.2501563477,64.67886102,6.255456458,0,14.27503687,3.555418333,8.915227604,16
canada,2018,936190370,45,3326,2229,888,75812,25997,39810,44,15,1.047802304,1.22184,0.0085,5.804162182,8.910891089,9.627731637,9.886915845,11.28490176,12.81040357,9.119864357,10.32263262,0.361277609,0.9380863039,58.28857599,29.5962125,18.63354037,24.24667643,8.043976712,16.14532657,7
china,2018,10239747470,200,34011,22071,2565,587104,178572,129080,12179,95,1.123160196,1.46386,0.0149,63.48404867,39.6039604,100,100,32.96277146,100,69.5630816,33.51964743,100,5.941213258,86.68510962,38.90420864,38.50931677,53.43732882,67.74833922,60.59283402,2
denmark,2018,50678070,4,526,368,141,10567,3437,3276,4,2,0.8936606443,-,0.0075,0.3141922271,0.7920792079,1.381280556,1.435124211,1.628748707,1.684304945,0.1826270565,0.8291886891,0.032843419,0.1250781739,0.2045623782,-,15.52795031,4.209696031,0.9123994697,2.56104775,26
finland,2018,16344503,4,613,559,184,14939,3884,6452,10,3,0.9717389182,0.66721,0.0132,0.1013321107,0.7920792079,1.637509572,2.302556883,2.18459152,2.429853312,0.3597079552,1.654479594,0.0821085475,0.1876172608,29.62619659,8.265355963,33.22981366,14.40295551,1.35480308,7.878879294,21
france,2018,573564809,54,3323,3192,938,59859,26514,28648,61,21,0.9838573671,0.6268,0.008,3.555968187,10.69306931,9.618896154,14.26041146,11.93123061,10.08997057,9.324676045,7.422161244,0.5008621397,1.313320826,34.1926983,6.711202901,17.08074534,14.44673681,8.057691131,11.25221397,15
germany,2018,314476627,31,4242,4239,1431,85512,46089,44643,150,37,1.0389115,1.14501,0.0171,1.949681821,6.138613861,12.3254992,19.01539579,18.30403309,14.46452506,17.07939325,11.57849878,1.231628212,2.313946216,54.93832296,26.64136024,45.34161491,27.00191876,12.03911495,19.52051686,4
india,2018,3399473509,29,5719,6459,696,75596,30086,9848,149,38,0.9684870107,3.05243,0.0347,21.07594375,5.742574257,16.67550215,29.09759753,8.802998966,12.77356953,10.73973862,2.536938004,1.223417358,2.376485303,28.40080535,100,100,51.04386467,10.52828093,30.7860728,3
ireland,2018,103071756,5,341,402,96,8037,4261,4090,0,0,0.9695597469,0.84337,0.0108,0.6390208737,0.9900990099,0.8364257525,1.58953631,1.04705274,1.252869133,0.5090580643,1.040708461,0,0,28.80503628,15.04040183,25.77639752,14.2501911,0.7844563077,7.517323705,22
israel,2018,610691559,45,590,551,524,12274,17451,31416,6,2,0.8931177827,1.19638,0.0345,3.786145388,8.910891089,1.569770866,2.266224624,6.579627715,1.975396222,5.734331114,8.14143241,0.0492651285,0.1250781739,0,28.61703069,99.37888199,28.13858983,3.305140782,15.72186531,8
italy,2018,37000865,13,2952,2241,510,57140,18224,9641,23,4,0.9960891497,0.4523,0.0066,0.2293967426,2.574257426,8.526241385,9.941414233,6.398655636,9.626304965,6.04055826,2.483148578,0.1888496592,0.2501563477,38.80190667,0,12.73291925,10.86769602,5.431916133,8.149806076,19
japan,2018,482643912,40,4994,4806,579,48887,25703,26631,893,275,-,-,-,2.992279809,7.920792079,14.54026035,21.59044462,7.290589452,8.218937474,9.003395041,6.898039155,7.332293292,17.19824891,-,-,-,5.456535944,11.50902604,8.48278099,17
south korea,2018,104295135,18,3079,2126,339,60153,15110,14624,1113,74,1.004267109,1.09036,0.0302,0.6466055384,3.564356436,8.900276845,9.419138017,4.188210962,10.1401058,4.806934282,3.777992589,9.138681337,4.627892433,41.88354422,24.53954225,86.02484472,31.33177863,6.874904033,19.10334133,5
malaysia,2018,23200000,3,1578,878,15,21461,3227,85,3,0,-,-,-,0.1438345949,0.5940594059,4.479590034,3.751305691,0,3.542036855,0.09943468805,0,0.02463256425,0,-,-,-,0.3689470004,1.487124979,0.9280359896,29
netherlands,2018,30317733,5,1761,1113,413,39528,8816,10088,6,3,0.9521160792,0.78862,0.0059,0.1879628812,0.9900990099,5.018554515,4.818565784,5.144777663,6.622966027,2.313540152,2.599302556,0.0492651285,0.1876172608,22.23187339,12.93473788,10.55900621,9.380735875,3.344323636,6.362529756,23
norway,2018,14030812,5,523,449,91,13164,2976,2689,4,2,1.137244771,-,0.0094,0.08698776552,0.9900990099,1.372445073,1.802988328,0.9824198552,2.127166132,0,0.6766553891,0.032843419,0.1250781739,91.99249157,-,21.42857143,28.62453744,0.8899495462,14.75724349,9
poland,2018,5805300,2,1261,1170,141,14960,6815,5910,6,2,-,-,-,0.03599150749,0.396039604,3.545973965,5.077433126,1.628748707,2.4334344,1.520835727,1.513639647,0.0492651285,0.1250781739,-,-,-,0.2160155557,1.986801109,1.101408332,27
portugal,2018,11842338,4,636,709,82,12991,4084,1963,4,0,1.100979313,-,0.0068,0.07341973659,0.7920792079,1.705248277,2.98378673,0.8660806618,2.09766479,0.4389387823,0.4880026193,0.032843419,0,78.32685857,-,13.35403727,23.1365987,1.07657066,12.10658468,13
russia,2018,16504583,6,2613,1678,419,31584,14533,23188,135,14,-,-,-,0.1023245694,1.188118812,7.527831772,7.384531541,5.222337125,5.268291685,4.578353346,6.003367686,1.108465391,0.875547217,-,-,-,0.6452216906,4.74609072,2.695656206,25
singapore,2018,498417482,23,1050,1074,364,39365,20997,16770,17,1,1.043259022,0.83956,0.0148,3.090072268,4.554455446,2.924544973,4.641446024,4.511375388,6.595169965,7.139093679,4.335635625,0.1395845307,0.06253908693,56.57656595,14.89387069,38.19875776,23.46274442,3.793673659,13.62820904,12
spain,2018,62387490,11,3111,1639,326,54280,10165,8129,19,5,0.9907833274,0.47994,0.0084,0.386787903,2.178217822,8.994522,7.207411781,4.02016546,9.138594918,2.847952081,2.090251901,0.1560062402,0.3126954346,36.80255456,1.063023772,18.32298137,11.75071308,4.345949977,8.048331531,20
sweden,2018,100027610,8,854,675,200,19016,6172,5189,16,5,0.9882360576,-,0.0098,0.6201478777,1.584158416,2.347293397,2.829374631,2.391416753,3.125095922,1.266108618,1.326286139,0.131373676,0.3126954346,35.8426865,-,22.67080745,15.17945006,1.716205571,8.447827816,18
switzerland,2018,63070872,10,1337,1056,639,35913,17516,25824,2,1,1.001373588,0.91553,0.0138,0.3910247122,1.98019802,3.769806208,4.559698442,8.066184074,6.006507348,5.760081132,6.688338348,0.0164217095,0.06253908693,40.79320065,17.81564768,35.0931677,19.21464775,4.366197044,11.7904224,14
turkey,2018,0,0,1220,1200,95,16210,5089,2012,8,0,-,-,-,0,0,3.42522236,5.213679095,1.034126163,2.646594386,0.8370736886,0.500735382,0.065686838,0,-,-,-,0,1.715389739,0.8576948695,30
united kingdom,2018,799832539,63,5787,4130,1788,146230,63229,71969,177,90,1.011131253,0.83877,0.0067,4.958775398,12.47524752,16.8757731,18.52036877,22.9188211,24.81864348,23.86947514,18.67922273,1.453321291,5.628517824,44.47010658,14.86348759,13.04347826,17.96221907,16.59551793,17.2788685,6
united states,2018,16129638365,505,17567,16720,7751,407464,255403,384919,4831,1599,1.022783278,2.2923,0.0076,100,100,51.56977087,75.69826059,100,69.3663521,100,100,39.6666393,100,48.8608492,70.76569248,15.83850932,67.0930102,79.53762786,73.31531903,1
australia,2019,222586018,15,4339,2865,1375,81332,30554,43898,93,60,1.234330665,0.75395,0.0077,1.028218581,3.667481663,9.777849472,10.6334237,10.72201298,16.70877671,17.13260497,16.37487011,0.3287928605,1.804511278,100,11.86751716,10.97560976,25.50776543,10.43535526,17.97156035,7
austria,2019,29433475,4,786,587,245,9856,3881,3878,9,2,-,-,-,0.1359656198,0.97799511,1.590081578,1.935779466,1.666800224,1.783864825,1.260354185,1.361758957,0.0252917585,0.06015037594,-,-,-,0.5569803649,1.210510171,0.8837452681,28
belgium,2019,25791175,5,1501,655,334,23010,3849,5440,2,0,1.078672955,0.44548,0.0077,0.1191403018,1.222493888,3.237774808,2.195410637,2.379998397,4.530553096,1.241312006,1.947727963,0,0,44.82532776,0,10.97560976,11.42851434,1.941597113,6.685055727,23
brazil,2019,94390441,6,2622,1830,339,28221,6103,4610,51,5,1.228621934,0.53753,0.0032,0.4360292088,1.466992665,5.821081255,6.681684548,2.42006571,5.618662613,2.582595449,1.63636159,0.1770423095,0.1503759398,97.97647423,3.541365301,0,20.68417228,3.135983677,11.91007798,12
canada,2019,847068177,32,3956,2657,1449,58228,19920,35520,58,20,1.163080398,1.36487,0.0109,3.912964736,7.82396088,8.895238973,9.83925776,11.31500922,11.88442778,10.80465105,13.23194544,0.202334068,0.6015037594,74.74452021,35.37094888,18.7804878,28.1265765,8.346796006,18.23668625,6
china,2019,12747192293,213,43490,26271,4728,480217,131325,105319,27679,223,1.164790776,1.1357,0.0173,58.88465094,52.07823961,100,100,37.59115314,100,77.09821004,39.41635686,100,6.706766917,75.35078367,26.55427657,34.3902439,49.45163894,70.10156087,59.7765999,2
denmark,2019,47011222,2,599,385,235,12372,1879,3213,9,3,1.106929199,-,0.0091,0.2171646378,0.488997555,1.159146426,1.164522164,1.586665598,2.309231078,0.06902789679,1.112290719,0.0252917585,0.09022556391,54.8410798,-,14.3902439,17.48437147,0.9395501504,9.211960812,19
finland,2019,43691099,2,789,585,262,10571,3787,5126,23,5,1.079918871,1.29268,0.0158,0.2018275911,0.488997555,1.596994976,1.928143255,1.803029089,1.933164058,1.204417785,1.829933938,0.0758752755,0.1503759398,45.2669573,32.59364132,30.73170732,21.85662622,1.31524179,11.585934,15
france,2019,674161526,39,3670,3244,1243,44457,15428,26367,153,59,1.052818066,0.72137,0.0096,3.114236078,9.535452323,8.236161681,12.08048566,9.664235916,9.008903663,8.131605256,9.79828711,0.5455793619,1.77443609,35.6607641,10.61409313,15.6097561,14.90686035,7.404961843,11.15591109,17
germany,2019,886298203,20,4989,4658,2128,70401,27339,39843,422,107,1.083539224,1.0493,0.0214,4.094184752,4.88997555,11.27575241,17.47928678,16.75615033,14.42627332,15.21946111,14.85367656,1.51750551,3.218045113,46.55023297,23.23027915,44.3902439,24.63098327,11.84326889,18.23712608,5
india,2019,360081900,23,6496,6790,1217,60637,20347,16877,262,71,1.174754499,3.04476,0.0442,1.66336998,5.623471883,14.74858275,25.61948761,9.455885888,12.38745135,11.05874512,6.23820653,0.9394081729,2.135338346,78.88254012,100,100,57.2338764,10.32288822,33.77838231,3
ireland,2019,99771965,7,374,426,138,4471,2433,2029,6,3,1.081272691,0.8274,0.0136,0.4608887352,1.711491443,0.6406415633,1.321064488,0.8093597243,0.6594223477,0.3986956108,0.6681247116,0.01445243343,0.09022556391,45.74683419,14.69329968,25.36585366,17.59567354,0.5752483054,9.085460924,21
israel,2019,848643892,50,623,659,847,8564,11915,37023,27,9,0.9522126129,1.08891,0.041,3.920243627,12.22493888,1.214453611,2.210683059,6.49090472,1.514082154,6.041131105,13.79578117,0.09032770893,0.2706766917,0,24.75416269,92.19512195,26.61889343,3.953505028,15.28619923,10
italy,2019,18440485,9,3612,2369,689,48002,12182,15488,27,6,1.158175048,0.5231,0.0078,0.08518436825,2.200488998,8.10250265,8.739643389,5.224777626,9.749135526,6.200014282,5.71713678,0.09032770893,0.1804511278,73.00576249,2.986211566,11.2195122,17.89943192,5.500498636,11.69996528,14
japan,2019,497398160,25,5860,5033,900,40242,16082,13371,1963,562,-,-,-,2.297691629,6.112469438,13.28294234,18.91107632,6.915618239,8.128769023,8.520779777,4.922964958,7.085305488,16.90225564,-,-,-,4.205080534,10.58371397,7.394397254,22
south korea,2019,226018052,6,3860,2300,709,50860,14368,13107,2425,157,0.9853360223,1.32766,0.0364,1.044072592,1.466992665,8.674010232,8.476194112,5.385046879,10.34591484,7.500833095,4.823927943,8.754561549,4.721804511,11.7409748,33.9393986,80.97560976,25.83340968,7.335286645,16.58434816,8
malaysia,2019,50340000,1,1509,805,37,16243,1976,248,4,0,-,-,-,0.2325416657,0.2444987775,3.256210536,2.768126456,0,3.117535038,0.1267495001,0,0.007226216714,0,-,-,-,0.2385202216,1.159480968,0.699000595,30
netherlands,2019,93811509,8,2128,1197,627,35717,9341,7903,9,5,1.088730423,0.79524,0.0071,0.4333548781,1.95599022,4.682675024,4.264823794,4.727942944,7.183903246,4.509425878,2.871698297,0.0252917585,0.1503759398,48.39031347,13.45603398,9.512195122,14.74957753,3.55201711,9.150797322,20
norway,2019,75870592,4,733,456,166,12306,1977,1947,3,0,1.139352705,-,0.0116,0.3504782249,0.97799511,1.467944877,1.435607651,1.033736678,2.29544961,0.1273445682,0.6373632145,0.003613108357,0,66.33396584,-,20.48780488,22.03756101,0.8751324634,11.45634674,16
poland,2019,32815958,8,1450,949,188,12402,3235,10752,7,2,-,-,-,0.1515907337,1.95599022,3.120247039,3.317933641,1.210032855,2.315495381,0.8759402076,3.940472752,0.01806554179,0.06015037594,-,-,-,1.053790477,1.857292224,1.455541351,27
portugal,2019,6009503,0,756,825,115,10093,2762,944,3,0,1.040879286,0.65844,0.0079,0.02776042585,0,1.520947596,2.844488565,0.6250500841,1.833352822,0.5944730077,0.2610975852,0.003613108357,0,31.42892566,8.193038072,11.46341463,10.22262776,0.9603778461,5.591502802,25
russia,2019,24973285,6,3061,2170,522,23512,11195,12163,193,20,-,-,-,0.1153621234,1.466992665,6.832741854,7.979840403,3.886529369,4.635375775,5.612682091,4.469795586,0.6901036962,0.6015037594,-,-,-,0.7911773942,4.338571567,2.56487448,26
singapore,2019,423017701,18,1244,1108,572,27771,14077,12440,28,7,1.089468169,0.90077,0.0194,1.954096957,4.400977995,2.645527031,3.925012409,4.2872025,5.524698061,7.327668285,4.573709424,0.09394081729,0.2105263158,48.65181605,17.51600443,39.51219512,22.40701811,3.573535605,12.99027686,11
spain,2019,84914669,9,3635,1629,433,39524,7322,5727,26,8,1.116376716,0.55179,0.01,0.3922566263,2.200488998,8.155505369,5.914245351,3.173331196,7.978843359,3.307983433,2.055393203,0.08671460057,0.2406015038,58.18986116,4.089978763,16.58536585,16.29159028,3.864077252,10.07783377,18
sweden,2019,60910148,8,1051,763,323,14244,5467,3839,30,7,0.9799498156,0.89005,0.0116,0.2813696319,1.95599022,2.200765083,2.607766026,2.291850309,2.700123616,2.204132153,1.347128489,0.101167034,0.2105263158,9.831771645,17.10358253,20.48780488,9.932103781,1.707932378,5.82001808,24
switzerland,2019,210492649,7,1398,1120,888,21449,11705,25112,7,1,1.085695617,0.83063,0.0166,0.9723542155,1.711491443,3.000414804,3.970829674,6.819456687,4.204600504,5.916166809,9.327486148,0.01806554179,0.03007518797,47.31459157,14.81756486,32.68292683,19.49978578,4.16088692,11.83033635,13
turkey,2019,0,0,1468,1139,146,15239,3886,1126,7,1,-,-,-,0,0,3.161727428,4.043373678,0.8734674253,2.907889681,1.263329525,0.3293731032,0.01806554179,0.03007518797,-,-,-,0,1.578412696,0.7892063481,29
united kingdom,2019,1366783564,68,7119,4428,2798,114039,38325,61058,259,120,1.130941149,1.07139,0.0083,6.313749038,16.62591687,16.18426511,16.60112252,22.12517029,23.53832918,21.75687899,22.81227609,0.9285688478,3.609022556,63.35239249,24.08012988,12.43902439,24.56224253,15.9444542,20.25334837,4
united states,2019,21647733474,409,21050,18507,12516,319335,169811,266815,9515,3325,1.141560101,1.84895,0.0094,100,100,48.28778172,70.35622924,100,66.40621085,100,100,34.3714998,100,67.1164026,53.99456773,15.12195122,67.24658431,77.4277152,72.33714975,1
australia,2020,125952179,9,5139,2378,1871,42838,9020,14294,319,252,1.260244979,0.70948,0.0099,0.4681087302,2.586206897,9.845332496,10.37565469,11.15042089,16.28971731,13.68972338,10.98053933,0.562665294,4.752923425,50.57676788,13.29618944,10.13986014,15.41342662,9.705872101,12.55964936,10
austria,2020,79881976,1,956,502,319,6473,2009,1501,15,4,-,-,-,0.2968860932,0.2873563218,1.635000393,1.905363915,1.68354276,2.191914649,2.321886046,0.9781155443,0.02307460196,0.07544322897,-,-,-,0.2921212075,1.351792642,0.8219569249,29
belgium,2020,29258559,4,1623,517,404,10703,1238,2273,5,1,1.155791149,-,0.0094,0.1087411668,1.149425287,2.944178378,1.973090121,2.202025131,3.831780049,1.071764439,1.581716823,0.005324908145,0.01886080724,18.68825839,-,9.265734266,7.303039776,1.703592582,4.503316179,21
brazil,2020,43730387,4,3151,1400,446,15015,1718,1677,82,15,1.250931339,0.46638,0.0041,0.1625265723,1.149425287,5.943314752,5.959906086,2.458216421,5.503434801,1.850050264,1.115724126,0.1419975505,0.2829121086,47.73342483,3.027410164,0,10.41455737,2.906944514,6.660750942,18
canada,2020,1101194994,21,4945,2438,1941,38956,7019,13163,139,45,1.330424505,1.3243,0.0144,4.092656391,6.034482759,9.464552092,10.64655951,11.57740637,14.78476282,10.44524435,10.09624782,0.2431708053,0.8487363259,72.00174088,39.26678128,18.00699301,27.88053086,8.513335011,18.19693294,6
china,2020,9823386329,121,51071,22228,6921,258767,41452,53248,56341,469,1.185989837,1.17441,0.0204,36.50919688,34.77011494,100,100,41.95437355,100,66.27590233,41.43738419,100,8.845718597,27.90755805,32.93528261,28.4965035,32.1237312,69.81417233,50.96895177,2
denmark,2020,16561926,4,702,355,284,4907,690,1874,16,6,1.129267273,0.69652,0.0114,0.06155337852,1.149425287,1.136452854,1.241647101,1.470050018,1.584815544,0.1832214547,1.269751914,0.02484957134,0.1131648435,10.59083518,12.7487465,12.76223776,7.462559622,0.8779941626,4.170276892,23
finland,2020,165229455,3,917,472,344,7014,1223,1958,29,3,1.121985755,1.0504,0.0188,0.6140850519,0.8620689655,1.558451755,1.769911504,1.836037575,2.401646844,1.047443007,1.335428737,0.04792417331,0.05658242173,8.367874662,27.69698019,25.6993007,12.64806191,1.256678252,6.952370083,15
france,2020,590942634,18,4075,2551,1459,23889,5661,8718,220,67,1.173759136,0.63561,0.0119,2.196273286,5.172413793,7.756928633,11.15676359,8.637306332,8.943663064,8.243344035,6.620849264,0.3869433252,1.263674085,24.17367079,10.17584915,13.63636364,11.07091413,6.626184041,8.848549086,14
germany,2020,523783596,20,5883,3975,2857,33589,9981,18215,772,146,1.170115243,1.06831,0.0275,1.946672745,5.747126437,11.30564497,17.58623804,17.1648164,12.70411091,15.24791646,14.04623961,1.366726424,2.753677857,23.06123358,28.45351593,40.90909091,20.02352792,11.52192133,15.77272463,7
india,2020,520488675,13,9488,6441,1705,48788,9088,5646,297,49,1.422135451,2.76208,0.0613,1.934426976,3.735632184,18.38148701,28.72042622,10.13785531,18.59638377,13.79998054,4.218954018,0.5236159676,0.9241795549,100,100,100,61.13401183,11.9128603,36.52343607,3
ireland,2020,63378256,5,503,399,182,3365,1105,733,3,1,1.279648776,0.51477,0.0172,0.2355490407,1.436781609,0.7458585224,1.440310638,0.8478711724,0.9870206398,0.856114408,0.3776417329,0.001774969382,0.01886080724,56.50051604,5.071450597,22.9020979,17.22927904,0.6594316112,8.944355325,12
israel,2020,1221358698,30,750,543,1171,4595,4281,14790,20,5,1.103915135,1.18097,0.0505,4.539251911,8.620689655,1.230666562,2.090482211,6.880566061,1.463860933,6.005772287,11.36834533,0.03194944887,0.09430403621,2.851129724,33.21238336,81.11888112,26.06846715,3.645743359,14.85710526,8
italy,2020,63963979,2,4585,2086,965,30499,4418,4945,36,7,1.248253383,0.6727,0.0096,0.2377259149,0.5747126437,8.757949282,9.057251219,5.624008784,11.50619505,6.227908033,3.670865292,0.06034895898,0.1320256507,46.91587655,11.74256665,9.615384615,13.81725327,5.629569033,9.723411153,11
japan,2020,363972365,18,6808,4033,1160,22313,5385,6548,3370,877,-,-,-,1.352724843,5.172413793,13.12122164,17.8481127,6.813468342,8.332687208,7.795829685,4.924198,5.978096878,16.54092795,-,-,-,3.262569318,10.1693178,6.715943559,16
south korea,2020,227999994,14,5276,2104,1024,29591,4343,7564,4754,306,1.271386432,1.37153,0.0458,0.8473754764,4.022988506,10.11423412,9.138522666,5.983896548,11.15418612,6.106300872,5.718574813,8.434654502,5.771407016,53.9781207,41.26182219,72.9020979,34.60248096,7.802722082,21.20260152,4
malaysia,2020,18735000,0,1767,592,43,8672,577,250,11,2,-,-,-,0.0696297367,0,3.226819502,2.311721149,0,3.044412052,0,0,0.01597472444,0.03772161449,-,-,-,0.03481486835,1.07958113,0.5571979993,30
netherlands,2020,45898090,4,2327,1038,856,14910,2744,4439,15,8,1.187884795,0.6903,0.0089,0.1705829689,1.149425287,4.32597943,4.325446993,4.95913139,5.462728922,3.513636216,3.27524062,0.02307460196,0.1508864579,28.48606625,12.48600768,8.391608392,10.13673812,3.254515579,6.695626847,17
norway,2020,11573097,2,885,394,230,6793,651,1712,2,0,1.13490868,-,0.0146,0.04301210018,0.5747126437,1.495642616,1.417735236,1.140661218,2.315970661,0.1199857314,1.143089469,0,0,12.31308953,-,18.35664336,7.821864409,0.9541356163,4.388000012,22
poland,2020,46734203,2,1666,663,194,7226,1330,839,18,3,-,-,-,0.1736904323,0.5747126437,3.028578158,2.632291855,0.9210686837,2.483833951,1.220935889,0.4605196288,0.02839951011,0.05658242173,-,-,-,0.374201538,1.354026262,0.8641139001,28
portugal,2020,26349501,2,931,587,129,5511,823,495,5,1,1.123336197,-,0.0093,0.09792948048,0.5747126437,1.585930753,2.289145747,0.5245821642,1.818971266,0.3988714856,0.1915574008,0.005324908145,0.01886080724,8.780148282,-,9.090909091,4.635924874,0.8541555664,2.74504022,25
russia,2020,34764779,2,3830,1825,496,11919,2895,2965,268,49,-,-,-,0.1292053594,0.5747126437,7.276046165,7.878815243,2.763206051,4.303192892,3.758471965,2.122768747,0.4721418556,0.9241795549,-,-,-,0.3519590015,3.687352809,2.019655905,26
singapore,2020,277874584,13,1533,944,861,16986,4323,8072,60,11,1.20995659,1.12198,0.0258,1.032737343,3.735632184,2.767527675,3.901029438,4.989630353,6.267542295,6.073872296,6.115763219,0.1029482241,0.2074688797,35.22432203,30.72058867,37.93706294,21.73006863,3.803222798,12.76664572,9
spain,2020,93174422,8,4237,1114,610,22687,2050,3566,28,5,1.24689154,0.57253,0.0122,0.3462882557,2.298850575,8.074899898,4.668593101,3.458582408,8.477677671,2.388364627,2.592670779,0.04614920393,0.09430403621,46.50012211,7.511288899,14.16083916,14.1634778,3.725155216,8.944316508,13
sweden,2020,118628746,10,1273,670,409,9510,1318,1944,25,4,1.09457599,-,0.0141,0.4408907579,2.873563218,2.257203423,2.663897417,2.232524094,3.369283732,1.201478743,1.3244826,0.04082429578,0.07544322897,0,-,17.48251748,5.199242865,1.645642192,3.422442528,24
switzerland,2020,182580359,13,1732,898,1247,12710,3722,9609,5,1,1.101584679,0.42002,0.0207,0.6785707139,3.735632184,3.158122007,3.693335741,7.344150299,4.609843844,5.099393586,7.317492709,0.005324908145,0.01886080724,2.13966928,1.069118896,29.02097902,7.328794019,3.905815488,5.617304753,20
turkey,2020,0,0,1881,856,240,12854,809,1686,21,0,-,-,-,0,0,3.450577059,3.503702366,1.201659144,4.66566905,0.3761714823,1.122760929,0.03372441825,0,-,-,-,0,1.794283056,0.8971415279,27
united kingdom,2020,2457667537,45,8189,3603,3600,61403,11107,26743,502,201,1.266783438,1.20921,0.0106,9.134066907,12.93103448,15.83182853,15.90662814,21.6969623,23.48690434,17.0736453,20.71400089,0.8874846909,3.791022256,52.57288162,34.40526829,11.36363636,24.08137753,14.92355956,19.50246854,5
united states,2020,26906607561,348,24642,16641,16437,164187,62251,128149,15638,5302,1.241580381,1.93069,0.0121,100,100,48.12553977,74.77424598,100,63.33369516,100,100,27.75342125,100,44.87868859,64.88128176,13.98601399,64.74919687,76.74836277,70.74877982,1
australia,2021,1251114736,12,5841,1664,1596,10127,838,1799,981,834,1.211129802,0.87759,0.0127,2.361409626,3.691275168,9.501318469,7.389595376,10.2519664,18.53901599,15.6470364,10.55838164,1.103123451,8.828199428,57.82251,19.94316846,8.498253783,18.46332341,10.22732965,14.34532653,8
austria,2021,197237778,4,1078,446,297,1380,145,241,37,9,-,-,-,0.3680532087,1.006711409,1.552121232,1.757225434,1.593120917,1.903729484,2.439489232,1.342718561,0.03943750845,0.09526833916,-,-,-,0.687382309,1.340388839,1.013885574,28
belgium,2021,23496936,3,1754,418,370,2226,147,315,9,1,1.096993766,0.41087,0.0114,0.03943095381,0.6711409396,2.680329784,1.627745665,2.079722704,3.512675681,2.477606251,1.780432982,0.00788750169,0.01058537102,5.714012585,0,6.984866123,2.68189012,1.772123243,2.227006681,25
brazil,2021,179135962,5,3178,1019,344,3136,122,203,144,39,1.198997394,0.47224,0.0054,0.3338145143,1.342281879,5.056911112,4.406936416,1.906412478,5.243338849,2.001143511,1.117946291,0.1600036057,0.4128294697,52.2834921,2.622369405,0,11.31639158,2.538190217,6.927290898,21
canada,2021,1865972581,22,5420,1975,1757,6889,780,1680,244,83,1.271772825,1.4334,0.0202,3.524382989,7.046979866,8.798691545,8.827745665,11.32515665,12.38089804,14.54164284,9.85448953,0.2726822013,0.8785857944,85.50891785,43.69319517,17.22933644,31.40056246,8.359986534,19.8802745,4
china,2021,17210048199,119,60066,21691,7673,52960,2732,7177,88750,1407,1.14336106,0.89732,0.0238,32.54694711,39.59731544,100,100,50.75989868,100,51.74385363,42.36957293,100,14.89361702,26.88287462,20.78624079,21.42025611,28.24672681,69.97086778,49.1087973,2
denmark,2021,85217129,2,846,363,301,1160,135,218,39,16,1.111006487,-,0.0148,0.1561716623,0.3355704698,1.164925398,1.373410405,1.619784029,1.4853274,2.248904136,1.206672187,0.04169108036,0.1693659363,12.11148224,-,10.94295693,5.886545325,1.163760071,3.525152698,24
finland,2021,30803541,3,994,355,304,1690,97,270,52,4,1.156286926,-,0.0231,0.05325103769,0.6711409396,1.411929637,1.336416185,1.639781362,2.493296058,1.52468077,1.514255294,0.05633929779,0.04234148407,32.78414361,-,20.60535506,13.52847266,1.252380011,7.390426337,19
france,2021,1551918506,27,4143,2007,1332,4183,524,1281,747,255,1.120219006,0.46533,0.0152,2.930365157,8.724832215,6.667445509,8.975722543,8.49220104,7.234552405,9.66266438,7.494380693,0.839455537,2.699269609,16.31743281,2.327101805,11.40861467,8.341669331,6.508211465,7.424940398,18
germany,2021,1983560306,25,6732,3320,2958,6728,891,2383,1633,397,1.171615496,0.91641,0.0362,3.746794386,8.053691275,10.98835075,15.04739884,19.3307559,12.07470379,16.65713741,14.01277653,1.837787894,4.202392294,39.78236109,21.6019656,35.8556461,21.80809169,11.76891293,16.78850231,7
india,2021,1349038569,23,12602,6673,1609,11348,1046,729,274,42,1.303513419,2.75112,0.0913,2.546627738,7.382550336,20.78507293,30.55260116,10.33862152,20.86114756,19.6112064,4.229267716,0.30648578,0.4445855827,100,100,100,61.98583561,13.39112358,37.6884796,3
ireland,2021,176005793,4,597,314,163,876,121,97,6,3,1.200259814,-,0.0218,0.3278939536,1.006711409,0.7493574552,1.146820809,0.6999066791,0.9452083452,1.982085001,0.4909499586,0.004507143823,0.03175611305,52.8598468,-,19.0919674,18.32160489,0.7563239381,9.538964415,14
israel,2021,2408546712,28,869,486,954,1315,351,2169,56,14,1.084478058,1.06238,0.0621,4.550635264,9.060402685,1.203311192,1.942196532,5.972536995,1.780110686,6.365542215,12.74695374,0.06084644161,0.1481951942,0,27.8393334,66.00698487,21.49147124,3.777461625,12.63446643,9
italy,2021,118354712,6,5021,1821,947,5661,586,637,91,22,1.22943792,0.54582,0.0117,0.2188497702,1.677852349,8.132781468,8.115606936,5.92587655,10.04545368,10.84429198,3.685082219,0.1002839501,0.2328781624,66.18103166,5.76647794,7.33410943,16.23566423,5.885281868,11.06047305,12
japan,2021,396250251,12,6761,3236,1100,4301,580,658,6774,2012,-,-,-,0.7444755102,3.691275168,11.03675023,14.65895954,6.945740568,7.458968068,10.72994092,3.809298474,7.630594492,21.29776649,-,-,-,2.217875339,10.44600235,6.331938843,22
south korea,2021,1099606364,19,6230,1807,1107,6383,506,1045,9312,779,1.117479194,1.79805,0.0567,2.074838994,6.040268456,10.15053907,8.050867052,6.992401013,11.41857325,9.319611206,6.098426594,10.49037725,8.246004022,15.06657892,59.2748638,59.72060536,28.4354311,8.845849932,18.64064052,6
malaysia,2021,68547378,3,2251,729,58,2009,48,14,2,0,-,-,-,0.1246416484,0.6711409396,3.509796722,3.065895954,0,3.09997908,0.5908137984,0,0,0,-,-,-,0.397891294,1.283310694,0.8406009941,30
netherlands,2021,204873859,16,2573,820,838,3117,337,839,58,29,1.231302387,0.7654,0.0119,0.3824964802,5.033557047,4.047197837,3.486705202,5.199306759,5.207204123,6.09872308,4.879924287,0.06310001352,0.3069757595,67.03224917,15.14923619,7.5669383,19.03289544,3.661142133,11.34701878,11
norway,2021,184553420,1,1165,317,220,1675,130,164,11,3,1.136188783,-,0.0195,0.3440613696,0,1.69731967,1.160693642,1.079856019,2.464768643,2.153611588,0.8872589613,0.0101410736,0.03175611305,23.60839093,-,16.41443539,10.09172192,1.185675714,5.638698817,23
poland,2021,30569189,3,1919,471,174,1918,109,110,30,9,-,-,-,0.05280777241,0.6711409396,2.955706132,1.87283237,0.773230236,2.926912763,1.753382885,0.5678457352,0.03155000676,0.09526833916,-,-,-,0.361974356,1.372091058,0.8670327072,29
portugal,2021,519515341,1,1096,461,156,1398,75,113,18,6,1.186751639,-,0.0115,0.9776253635,0,1.582162288,1.826589595,0.6532462338,1.937962382,1.105393558,0.5855909145,0.01802857529,0.0635122261,46.69272598,-,7.101280559,13.69290798,0.9715607217,7.332234349,20
russia,2021,2650000,1,3589,1277,400,2440,184,486,396,73,-,-,-,0,0,5.74284856,5.6,2.279696041,3.9196668,3.182771107,2.791908198,0.4439536666,0.7727320843,-,-,-,0,3.091697057,1.545848529,26
singapore,2021,933902052,10,1764,804,841,4076,361,967,217,60,1.139521278,1.2754,0.0347,1.76141744,3.020134228,2.69701926,3.412716763,5.219304093,7.031056846,6.556127311,5.637051934,0.2422589805,0.635122261,25.12983252,36.94177972,34.10942957,20.1925187,3.928832181,12.06067544,10
spain,2021,894816921,3,4374,906,566,5312,225,367,96,34,1.182260724,0.58286,0.0151,1.687489838,0.6711409396,7.052972396,3.884393064,3.386215171,9.381715829,3.964170002,2.088016089,0.1059178798,0.3599026146,44.64241065,7.349214827,11.29220023,13.1284913,3.777912881,8.453202089,16
sweden,2021,258468902,6,1330,544,458,2003,169,327,47,5,1.202781899,0.78566,0.0179,0.4838688672,1.677852349,1.972696018,2.210404624,2.666311159,3.088568114,2.896893463,1.851413699,0.05070536801,0.05292685509,54.01129764,16.01495567,14.55180442,17.34795579,1.848739912,9.598347851,13
switzerland,2021,269153541,12,1989,737,1203,2857,439,1507,8,1,1.135323542,0.53904,0.026,0.5040783362,3.691275168,3.072532461,3.102890173,7.632315691,4.712728933,8.042691062,8.831184195,0.006760715734,0.01058537102,23.2133678,5.476765303,23.98137369,11.37337206,4.426461075,7.899916567,17
turkey,2021,11100000,3,2337,795,230,2732,111,87,21,1,-,-,-,0.01598275927,0.6711409396,3.653326212,3.371098266,1.146513798,4.475000475,1.791499905,0.4317993612,0.02140893316,0.01058537102,-,-,-,0.3435618494,1.86265404,1.103107945,27
united kingdom,2021,4650457482,49,9154,2889,3524,13475,1228,3451,1002,379,1.201021916,0.97485,0.0137,8.791099187,16.10738255,15.03054174,13.05433526,23.10358619,24.90633499,23.07985516,20.33006033,1.126785956,4.011855616,53.20778225,24.09913471,9.662398137,22.37355937,15.5804194,18.97698939,5
united states,2021,52872119257,299,26461,13271,15060,33187,5264,16920,29059,9447,1.203542019,1.78563,0.0164,100,100,43.91501719,61.06358382,100,62.39516175,100,100,32.74101952,100,54.35832836,58.74415127,12.80558789,65.1816135,75.01434778,70.09798064,1